State,Mean,Std_Dev,Start_Prob
0,0.0016185283704871968,0.011817324159953742,0.996471484924345
1,-0.0003247631000954015,0.029425983048540685,0.003528515075655041
