,To_State_0,To_State_1
From_State_0,0.9654901926340357,0.03450980736596439
From_State_1,0.09937402401235734,0.9006259759876427
